<?xml version="1.0" encoding="UTF-8"?>
<metadata xml:lang="en"><Esri><CreaDate>20240725</CreaDate><CreaTime>12585800</CreaTime><ArcGISFormat>1.0</ArcGISFormat><SyncOnce>FALSE</SyncOnce><DataProperties><lineage><Process ToolSource="c:\program files\arcgis\pro\Resources\ArcToolbox\toolboxes\Data Management Tools.tbx\CreateFeatureclass" Date="20240403" Time="094134">CreateFeatureclass C:\Users\RDCRLTSH\Documents\ArcGIS\Projects\CHI\CHI.gdb CHI_Merged_Data_Sources_GUM_frequency_Final_edits_4_2_24_XYTableToPoint Point CHI_Merged_Data_Sources_GUM_frequency_Final_edits_4_2_24.csv No No "GEOGCS["GCS_WGS_1984",DATUM["D_WGS_1984",SPHEROID["WGS_1984",6378137.0,298.257223563]],PRIMEM["Greenwich",0.0],UNIT["Degree",0.0174532925199433]];-400 -400 1000000000;-100000 10000;-100000 10000;8.98315284119521E-09;0.001;0.001;IsHighPrecision" # 0 0 0 #</Process><Process ToolSource="c:\program files\arcgis\pro\Resources\ArcToolbox\toolboxes\Data Management Tools.tbx\XYTableToPoint" Date="20240403" Time="094140">XYTableToPoint CHI_Merged_Data_Sources_GUM_frequency_Final_edits_4_2_24.csv C:\Users\RDCRLTSH\Documents\ArcGIS\Projects\CHI\CHI.gdb\CHI_Merged_Data_Sources_GUM_frequency_Final_edits_4_2_24_XYTableToPoint Longitude_Centroid Latitude_Centroid # "GEOGCS["GCS_WGS_1984",DATUM["D_WGS_1984",SPHEROID["WGS_1984",6378137.0,298.257223563]],PRIMEM["Greenwich",0.0],UNIT["Degree",0.0174532925199433]];-400 -400 1000000000;-100000 10000;-100000 10000;8.98315284119521E-09;0.001;0.001;IsHighPrecision"</Process><Process ToolSource="c:\program files\arcgis\pro\Resources\ArcToolbox\toolboxes\Conversion Tools.tbx\ExportFeatures" Date="20240725" Time="125839">ExportFeatures CHI_Merged_Data_Sources_GUM_frequency_Final_edits_4_2_24_XYTableToPoint "C:\Users\RDCRLTSH\Documents\Landform_ML\CHI Validation\Finalized Validation Datasets\Final Final Updated Point Shapefiles\CHI_Merged_Data_Sources_FinalizedforTR_7_25_24.shp" # NOT_USE_ALIAS "Point_ID "Point_ID" true true false 4 Long 0 0,First,#,CHI_Merged_Data_Sources_GUM_frequency_Final_edits_4_2_24_XYTableToPoint,Point_ID,-1,-1;Latitude_Published "Latitude_Published" true true false 8 Double 0 0,First,#,CHI_Merged_Data_Sources_GUM_frequency_Final_edits_4_2_24_XYTableToPoint,Latitude_Published,-1,-1;Longitude_Published "Longitude_Published" true true false 8 Double 0 0,First,#,CHI_Merged_Data_Sources_GUM_frequency_Final_edits_4_2_24_XYTableToPoint,Longitude_Published,-1,-1;Centroid_ID "Centroid_ID" true true false 4 Long 0 0,First,#,CHI_Merged_Data_Sources_GUM_frequency_Final_edits_4_2_24_XYTableToPoint,Centroid_ID,-1,-1;Latitude_Centroid "Latitude_Centroid" true true false 8 Double 0 0,First,#,CHI_Merged_Data_Sources_GUM_frequency_Final_edits_4_2_24_XYTableToPoint,Latitude_Centroid,-1,-1;Longitude_Centroid "Longitude_Centroid" true true false 8 Double 0 0,First,#,CHI_Merged_Data_Sources_GUM_frequency_Final_edits_4_2_24_XYTableToPoint,Longitude_Centroid,-1,-1;Landform_Type "Landform_Type" true true false 8000 Text 0 0,First,#,CHI_Merged_Data_Sources_GUM_frequency_Final_edits_4_2_24_XYTableToPoint,Landform_Type,0,7999;Landform_Type_Published "Landform_Type_Published" true true false 8000 Text 0 0,First,#,CHI_Merged_Data_Sources_GUM_frequency_Final_edits_4_2_24_XYTableToPoint,Landform_Type_Published,0,7999;Confidence_Level "Confidence_Level" true true false 4 Long 0 0,First,#,CHI_Merged_Data_Sources_GUM_frequency_Final_edits_4_2_24_XYTableToPoint,Confidence_Level,-1,-1;Comments "Comments" true true false 8000 Text 0 0,First,#,CHI_Merged_Data_Sources_GUM_frequency_Final_edits_4_2_24_XYTableToPoint,Comments,0,7999;Cook_Point "Cook_Point" true true false 4 Long 0 0,First,#,CHI_Merged_Data_Sources_GUM_frequency_Final_edits_4_2_24_XYTableToPoint,Cook_Point,-1,-1;BLM_Point "BLM_Point" true true false 4 Long 0 0,First,#,CHI_Merged_Data_Sources_GUM_frequency_Final_edits_4_2_24_XYTableToPoint,BLM_Point,-1,-1;NRCS_Point "NRCS_Point" true true false 4 Long 0 0,First,#,CHI_Merged_Data_Sources_GUM_frequency_Final_edits_4_2_24_XYTableToPoint,NRCS_Point,-1,-1;Derivation_Index "Derivation_Index" true true false 8000 Text 0 0,First,#,CHI_Merged_Data_Sources_GUM_frequency_Final_edits_4_2_24_XYTableToPoint,Derivation_Index,0,7999;Reference "Reference" true true false 8000 Text 0 0,First,#,CHI_Merged_Data_Sources_GUM_frequency_Final_edits_4_2_24_XYTableToPoint,Reference,0,7999;FREQUENCY "FREQUENCY" true true false 4 Long 0 0,First,#,CHI_Merged_Data_Sources_GUM_frequency_Final_edits_4_2_24_XYTableToPoint,FREQUENCY,-1,-1" #</Process><Process ToolSource="c:\program files\arcgis\pro\Resources\ArcToolbox\toolboxes\Data Management Tools.tbx\Project" Date="20240725" Time="125901">Project CHI_Merged_Data_Sources_FinalizedforTR_7_25_24 "C:\Users\RDCRLTSH\Documents\Landform_ML\CHI Validation\Finalized Validation Datasets\Final Final Updated Point Shapefiles\CHI_Merged_Data_Sources_FinalizedforTR_7_25_24_PRJ.shp" PROJCS["WGS_1984_UTM_Zone_13N",GEOGCS["GCS_WGS_1984",DATUM["D_WGS_1984",SPHEROID["WGS_1984",6378137.0,298.257223563]],PRIMEM["Greenwich",0.0],UNIT["Degree",0.0174532925199433]],PROJECTION["Transverse_Mercator"],PARAMETER["False_Easting",500000.0],PARAMETER["False_Northing",0.0],PARAMETER["Central_Meridian",-105.0],PARAMETER["Scale_Factor",0.9996],PARAMETER["Latitude_Of_Origin",0.0],UNIT["Meter",1.0]] # GEOGCS["GCS_WGS_1984",DATUM["D_WGS_1984",SPHEROID["WGS_1984",6378137.0,298.257223563]],PRIMEM["Greenwich",0.0],UNIT["Degree",0.0174532925199433]] NO_PRESERVE_SHAPE # NO_VERTICAL</Process><Process ToolSource="c:\program files\arcgis\pro\Resources\ArcToolbox\toolboxes\Conversion Tools.tbx\ExportFeatures" Date="20240903" Time="142410">ExportFeatures CHI_Merged_Data_Sources_FinalizedforTR_7_25_24_PRJ C:\Users\RDCRLTSH\Desktop\CHI_Merged_Data_Sources_FinalizedforTR_9_3_24.shp # NOT_USE_ALIAS "Point_ID "Point_ID" true true false 10 Long 0 10,First,#,CHI_Merged_Data_Sources_FinalizedforTR_7_25_24_PRJ,Point_ID,-1,-1;Latitude_P "Latitude_P" true true false 19 Double 0 0,First,#,CHI_Merged_Data_Sources_FinalizedforTR_7_25_24_PRJ,Latitude_P,-1,-1;Longitude_ "Longitude_" true true false 19 Double 0 0,First,#,CHI_Merged_Data_Sources_FinalizedforTR_7_25_24_PRJ,Longitude_,-1,-1;Centroid_I "Centroid_I" true true false 10 Long 0 10,First,#,CHI_Merged_Data_Sources_FinalizedforTR_7_25_24_PRJ,Centroid_I,-1,-1;Latitude_C "Latitude_C" true true false 19 Double 0 0,First,#,CHI_Merged_Data_Sources_FinalizedforTR_7_25_24_PRJ,Latitude_C,-1,-1;Longitude1 "Longitude1" true true false 19 Double 0 0,First,#,CHI_Merged_Data_Sources_FinalizedforTR_7_25_24_PRJ,Longitude1,-1,-1;Landform_T "Landform_T" true true false 254 Text 0 0,First,#,CHI_Merged_Data_Sources_FinalizedforTR_7_25_24_PRJ,Landform_T,0,253;Landform_1 "Landform_1" true true false 254 Text 0 0,First,#,CHI_Merged_Data_Sources_FinalizedforTR_7_25_24_PRJ,Landform_1,0,253;Confidence "Confidence" true true false 10 Long 0 10,First,#,CHI_Merged_Data_Sources_FinalizedforTR_7_25_24_PRJ,Confidence,-1,-1;Comments "Comments" true true false 254 Text 0 0,First,#,CHI_Merged_Data_Sources_FinalizedforTR_7_25_24_PRJ,Comments,0,253;Cook_Point "Cook_Point" true true false 10 Long 0 10,First,#,CHI_Merged_Data_Sources_FinalizedforTR_7_25_24_PRJ,Cook_Point,-1,-1;BLM_Point "BLM_Point" true true false 10 Long 0 10,First,#,CHI_Merged_Data_Sources_FinalizedforTR_7_25_24_PRJ,BLM_Point,-1,-1;NRCS_Point "NRCS_Point" true true false 10 Long 0 10,First,#,CHI_Merged_Data_Sources_FinalizedforTR_7_25_24_PRJ,NRCS_Point,-1,-1;Derivation "Derivation" true true false 254 Text 0 0,First,#,CHI_Merged_Data_Sources_FinalizedforTR_7_25_24_PRJ,Derivation,0,253;Reference "Reference" true true false 254 Text 0 0,First,#,CHI_Merged_Data_Sources_FinalizedforTR_7_25_24_PRJ,Reference,0,253;FREQUENCY "FREQUENCY" true true false 10 Long 0 10,First,#,CHI_Merged_Data_Sources_FinalizedforTR_7_25_24_PRJ,FREQUENCY,-1,-1" #</Process></lineage><itemProps><itemName Sync="TRUE">CHI_Merged_Data_Sources_FinalizedforTR_9_3_24</itemName><imsContentType Sync="TRUE">002</imsContentType><itemSize Sync="TRUE">0.000</itemSize><itemLocation><linkage Sync="TRUE">file://\\GRLTSH-WN-4016M\C$\Users\RDCRLTSH\Desktop\CHI_Merged_Data_Sources_FinalizedforTR_9_3_24.shp</linkage><protocol Sync="TRUE">Local Area Network</protocol></itemLocation></itemProps><coordRef><type Sync="TRUE">Projected</type><geogcsn Sync="TRUE">GCS_WGS_1984</geogcsn><csUnits Sync="TRUE">Linear Unit: Meter (1.000000)</csUnits><peXml Sync="TRUE">&lt;ProjectedCoordinateSystem xsi:type='typens:ProjectedCoordinateSystem' xmlns:xsi='http://www.w3.org/2001/XMLSchema-instance' xmlns:xs='http://www.w3.org/2001/XMLSchema' xmlns:typens='http://www.esri.com/schemas/ArcGIS/3.2.0'&gt;&lt;WKT&gt;PROJCS[&amp;quot;WGS_1984_UTM_Zone_13N&amp;quot;,GEOGCS[&amp;quot;GCS_WGS_1984&amp;quot;,DATUM[&amp;quot;D_WGS_1984&amp;quot;,SPHEROID[&amp;quot;WGS_1984&amp;quot;,6378137.0,298.257223563]],PRIMEM[&amp;quot;Greenwich&amp;quot;,0.0],UNIT[&amp;quot;Degree&amp;quot;,0.0174532925199433]],PROJECTION[&amp;quot;Transverse_Mercator&amp;quot;],PARAMETER[&amp;quot;False_Easting&amp;quot;,500000.0],PARAMETER[&amp;quot;False_Northing&amp;quot;,0.0],PARAMETER[&amp;quot;Central_Meridian&amp;quot;,-105.0],PARAMETER[&amp;quot;Scale_Factor&amp;quot;,0.9996],PARAMETER[&amp;quot;Latitude_Of_Origin&amp;quot;,0.0],UNIT[&amp;quot;Meter&amp;quot;,1.0],AUTHORITY[&amp;quot;EPSG&amp;quot;,32613]]&lt;/WKT&gt;&lt;XOrigin&gt;-5120900&lt;/XOrigin&gt;&lt;YOrigin&gt;-9998100&lt;/YOrigin&gt;&lt;XYScale&gt;450445547.3910538&lt;/XYScale&gt;&lt;ZOrigin&gt;-100000&lt;/ZOrigin&gt;&lt;ZScale&gt;10000&lt;/ZScale&gt;&lt;MOrigin&gt;-100000&lt;/MOrigin&gt;&lt;MScale&gt;10000&lt;/MScale&gt;&lt;XYTolerance&gt;0.001&lt;/XYTolerance&gt;&lt;ZTolerance&gt;0.001&lt;/ZTolerance&gt;&lt;MTolerance&gt;0.001&lt;/MTolerance&gt;&lt;HighPrecision&gt;true&lt;/HighPrecision&gt;&lt;WKID&gt;32613&lt;/WKID&gt;&lt;LatestWKID&gt;32613&lt;/LatestWKID&gt;&lt;/ProjectedCoordinateSystem&gt;</peXml><projcsn Sync="TRUE">WGS_1984_UTM_Zone_13N</projcsn></coordRef><LayerFile>{"type":"CIMLayerDocument","version":"2.9.0","build":32739,"layers":["CIMPATH=map/_sources_gum_frequency_final_edits_4_2_24_xytabletopoint.xml"],"layerDefinitions":[{"type":"CIMFeatureLayer","name":"CHI_Merged_Data_Sources_GUM_frequency_Final_edits_4_2_24_XYTableToPoint","uRI":"CIMPATH=map/_sources_gum_frequency_final_edits_4_2_24_xytabletopoint.xml","sourceModifiedTime":{"type":"TimeInstant"},"useSourceMetadata":true,"description":"CHI_Merged_Data_Sources_GUM_frequency_Final_edits_4_2_24_XYTableToPoint","layerElevation":{"type":"CIMLayerElevationSurface","mapElevationID":"{46B04AB3-7725-48D6-AC29-087BD0C054A6}"},"expanded":true,"layerType":"Operational","showLegends":true,"visibility":true,"displayCacheType":"Permanent","maxDisplayCacheAge":5,"showPopups":true,"serviceLayerID":-1,"refreshRate":-1,"refreshRateUnit":"esriTimeUnitsSeconds","blendingMode":"Alpha","allowDrapingOnIntegratedMesh":true,"autoGenerateFeatureTemplates":true,"featureTable":{"type":"CIMFeatureTable","displayField":"Point_ID","editable":true,"dataConnection":{"type":"CIMStandardDataConnection"},"studyAreaSpatialRel":"esriSpatialRelUndefined","searchOrder":"esriSearchOrderSpatial"},"htmlPopupEnabled":true,"selectable":true,"featureCacheType":"Session","displayFiltersType":"ByScale","featureBlendingMode":"Alpha","labelClasses":[{"type":"CIMLabelClass","expression":"$feature.OBJECTID","expressionEngine":"Arcade","featuresToLabel":"AllVisibleFeatures","maplexLabelPlacementProperties":{"type":"CIMMaplexLabelPlacementProperties","featureType":"Point","avoidPolygonHoles":true,"canOverrunFeature":true,"canPlaceLabelOutsidePolygon":true,"canRemoveOverlappingLabel":true,"canStackLabel":true,"connectionType":"Unambiguous","constrainOffset":"NoConstraint","contourAlignmentType":"Page","contourLadderType":"Straight","contourMaximumAngle":90,"enableConnection":true,"enablePointPlacementPriorities":true,"featureWeight":0,"fontHeightReductionLimit":4,"fontHeightReductionStep":0.5,"fontWidthReductionLimit":90,"fontWidthReductionStep":5,"graticuleAlignmentType":"Straight","keyNumberGroupName":"Default","labelBuffer":15,"labelLargestPolygon":true,"labelPriority":-1,"labelStackingProperties":{"type":"CIMMaplexLabelStackingProperties","stackAlignment":"ChooseBest","maximumNumberOfLines":3,"minimumNumberOfCharsPerLine":3,"maximumNumberOfCharsPerLine":24,"separators":[{"type":"CIMMaplexStackingSeparator","separator":" ","splitAfter":true},{"type":"CIMMaplexStackingSeparator","separator":",","visible":true,"splitAfter":true}],"trimStackingSeparators":true},"lineFeatureType":"General","linePlacementMethod":"OffsetCurvedFromLine","maximumLabelOverrun":36,"maximumLabelOverrunUnit":"Point","minimumFeatureSizeUnit":"Map","multiPartOption":"OneLabelPerPart","offsetAlongLineProperties":{"type":"CIMMaplexOffsetAlongLineProperties","placementMethod":"BestPositionAlongLine","labelAnchorPoint":"CenterOfLabel","distanceUnit":"Percentage","useLineDirection":true},"pointExternalZonePriorities":{"type":"CIMMaplexExternalZonePriorities","aboveLeft":4,"aboveCenter":2,"aboveRight":1,"centerRight":3,"belowRight":5,"belowCenter":7,"belowLeft":8,"centerLeft":6},"pointPlacementMethod":"AroundPoint","polygonAnchorPointType":"GeometricCenter","polygonBoundaryWeight":0,"polygonExternalZones":{"type":"CIMMaplexExternalZonePriorities","aboveLeft":4,"aboveCenter":2,"aboveRight":1,"centerRight":3,"belowRight":5,"belowCenter":7,"belowLeft":8,"centerLeft":6},"polygonFeatureType":"General","polygonInternalZones":{"type":"CIMMaplexInternalZonePriorities","center":1},"polygonPlacementMethod":"CurvedInPolygon","primaryOffset":1,"primaryOffsetUnit":"Point","removeExtraWhiteSpace":true,"repetitionIntervalUnit":"Point","rotationProperties":{"type":"CIMMaplexRotationProperties","rotationType":"Arithmetic","alignmentType":"Straight"},"secondaryOffset":100,"strategyPriorities":{"type":"CIMMaplexStrategyPriorities","stacking":1,"overrun":2,"fontCompression":3,"fontReduction":4,"abbreviation":5},"thinningDistanceUnit":"Point","truncationMarkerCharacter":".","truncationMinimumLength":1,"truncationPreferredCharacters":"aeiou","truncationExcludedCharacters":"0123456789","polygonAnchorPointPerimeterInsetUnit":"Point"},"name":"Class 1","priority":-1,"standardLabelPlacementProperties":{"type":"CIMStandardLabelPlacementProperties","featureType":"Line","featureWeight":"Low","labelWeight":"High","numLabelsOption":"OneLabelPerName","lineLabelPosition":{"type":"CIMStandardLineLabelPosition","above":true,"inLine":true,"parallel":true},"lineLabelPriorities":{"type":"CIMStandardLineLabelPriorities","aboveStart":3,"aboveAlong":3,"aboveEnd":3,"centerStart":3,"centerAlong":3,"centerEnd":3,"belowStart":3,"belowAlong":3,"belowEnd":3},"pointPlacementMethod":"AroundPoint","pointPlacementPriorities":{"type":"CIMStandardPointPlacementPriorities","aboveLeft":2,"aboveCenter":2,"aboveRight":1,"centerLeft":3,"centerRight":2,"belowLeft":3,"belowCenter":3,"belowRight":2},"rotationType":"Arithmetic","polygonPlacementMethod":"AlwaysHorizontal"},"textSymbol":{"type":"CIMSymbolReference","symbol":{"type":"CIMTextSymbol","blockProgression":"TTB","depth3D":1,"extrapolateBaselines":true,"fontEffects":"Normal","fontEncoding":"Unicode","fontFamilyName":"Tahoma","fontStyleName":"Regular","fontType":"Unspecified","haloSize":1,"height":10,"hinting":"Default","horizontalAlignment":"Left","kerning":true,"letterWidth":100,"ligatures":true,"lineGapType":"ExtraLeading","symbol":{"type":"CIMPolygonSymbol","symbolLayers":[{"type":"CIMSolidFill","enable":true,"color":{"type":"CIMRGBColor","values":[0,0,0,100]}}]},"textCase":"Normal","textDirection":"LTR","verticalAlignment":"Bottom","verticalGlyphOrientation":"Right","wordSpacing":100,"billboardMode3D":"FaceNearPlane"}},"useCodedValue":true,"visibility":true,"iD":-1}],"renderer":{"type":"CIMSimpleRenderer","patch":"Default","symbol":{"type":"CIMSymbolReference","symbol":{"type":"CIMPointSymbol","symbolLayers":[{"type":"CIMVectorMarker","enable":true,"anchorPoint":{"x":0,"y":-0.5},"anchorPointUnits":"Relative","dominantSizeAxis3D":"Y","size":12,"billboardMode3D":"FaceNearPlane","frame":{"xmin":0,"ymin":0,"xmax":21,"ymax":21},"markerGraphics":[{"type":"CIMMarkerGraphic","geometry":{"curveRings":[[[17.1700000000000017,14.33],{"b":[[10.5,0],[17.1700000000000017,10.65],[12.3800000000000008,6.1500000000000004]]},{"b":[[3.8300000000000001,14.33],[8.6500000000000004,6.1799999999999997],[3.8300000000000001,10.65]]},{"b":[[10.5,21],[3.8300000000000001,18.0100000000000016],[6.8200000000000003,21]]},{"b":[[17.1700000000000017,14.33],[14.19,21],[17.1700000000000017,18.0100000000000016]]}]]},"symbol":{"type":"CIMPolygonSymbol","symbolLayers":[{"type":"CIMSolidStroke","enable":true,"capStyle":"Round","joinStyle":"Round","lineStyle3D":"Strip","miterLimit":10,"width":0,"color":{"type":"CIMRGBColor","values":[110,110,110,100]}},{"type":"CIMSolidFill","enable":true,"color":{"type":"CIMRGBColor","values":[0,122,194,80]}}]}}],"scaleSymbolsProportionally":true,"respectFrame":true}],"haloSize":1,"scaleX":1,"angleAlignment":"Display"}}},"scaleSymbols":true,"snappable":true}]}</LayerFile></DataProperties><SyncDate>20240903</SyncDate><SyncTime>14235200</SyncTime><ModDate>20240903</ModDate><ModTime>14235200</ModTime></Esri><dataIdInfo><envirDesc Sync="TRUE">Microsoft Windows 10 Version 10.0 (Build 19045) ; Esri ArcGIS 13.2.2.49743</envirDesc><dataLang><languageCode value="eng" Sync="TRUE"></languageCode><countryCode value="USA" Sync="TRUE"></countryCode></dataLang><idCitation><resTitle Sync="TRUE">CHI_Merged_Data_Sources_FinalizedforTR_9_3_24</resTitle><presForm><PresFormCd value="005" Sync="TRUE"></PresFormCd></presForm></idCitation><spatRpType><SpatRepTypCd value="001" Sync="TRUE"></SpatRepTypCd></spatRpType></dataIdInfo><mdLang><languageCode value="eng" Sync="TRUE"></languageCode><countryCode value="USA" Sync="TRUE"></countryCode></mdLang><distInfo><distFormat><formatName Sync="TRUE">Shapefile</formatName></distFormat><distTranOps><transSize Sync="TRUE">0.000</transSize></distTranOps></distInfo><mdHrLv><ScopeCd value="005" Sync="TRUE"></ScopeCd></mdHrLv><mdHrLvName Sync="TRUE">dataset</mdHrLvName><refSysInfo><RefSystem><refSysID><identCode code="32613" Sync="TRUE"></identCode><idCodeSpace Sync="TRUE">EPSG</idCodeSpace><idVersion Sync="TRUE">9.8.8(3.0.1)</idVersion></refSysID></RefSystem></refSysInfo><spatRepInfo><VectSpatRep><geometObjs Name="CHI_Merged_Data_Sources_FinalizedforTR_9_3_24"><geoObjTyp><GeoObjTypCd value="004" Sync="TRUE"></GeoObjTypCd></geoObjTyp><geoObjCnt Sync="TRUE">0</geoObjCnt></geometObjs><topLvl><TopoLevCd value="001" Sync="TRUE"></TopoLevCd></topLvl></VectSpatRep></spatRepInfo><spdoinfo><ptvctinf><esriterm Name="CHI_Merged_Data_Sources_FinalizedforTR_9_3_24"><efeatyp Sync="TRUE">Simple</efeatyp><efeageom code="1" Sync="TRUE"></efeageom><esritopo Sync="TRUE">FALSE</esritopo><efeacnt Sync="TRUE">0</efeacnt><spindex Sync="TRUE">FALSE</spindex><linrefer Sync="TRUE">FALSE</linrefer></esriterm></ptvctinf></spdoinfo><eainfo><detailed Name="CHI_Merged_Data_Sources_FinalizedforTR_9_3_24"><enttyp><enttypl Sync="TRUE">CHI_Merged_Data_Sources_FinalizedforTR_9_3_24</enttypl><enttypt Sync="TRUE">Feature Class</enttypt><enttypc Sync="TRUE">0</enttypc></enttyp><attr><attrlabl Sync="TRUE">FID</attrlabl><attalias Sync="TRUE">FID</attalias><attrtype Sync="TRUE">OID</attrtype><attwidth Sync="TRUE">4</attwidth><atprecis Sync="TRUE">0</atprecis><attscale Sync="TRUE">0</attscale><attrdef Sync="TRUE">Internal feature number.</attrdef><attrdefs Sync="TRUE">Esri</attrdefs><attrdomv><udom Sync="TRUE">Sequential unique whole numbers that are automatically generated.</udom></attrdomv></attr><attr><attrlabl Sync="TRUE">Shape</attrlabl><attalias Sync="TRUE">Shape</attalias><attrtype Sync="TRUE">Geometry</attrtype><attwidth Sync="TRUE">0</attwidth><atprecis Sync="TRUE">0</atprecis><attscale Sync="TRUE">0</attscale><attrdef Sync="TRUE">Feature geometry.</attrdef><attrdefs Sync="TRUE">Esri</attrdefs><attrdomv><udom Sync="TRUE">Coordinates defining the features.</udom></attrdomv></attr><attr><attrlabl Sync="TRUE">Point_ID</attrlabl><attalias Sync="TRUE">Point_ID</attalias><attrtype Sync="TRUE">Integer</attrtype><attwidth Sync="TRUE">10</attwidth><atprecis Sync="TRUE">10</atprecis><attscale Sync="TRUE">0</attscale></attr><attr><attrlabl Sync="TRUE">Latitude_P</attrlabl><attalias Sync="TRUE">Latitude_P</attalias><attrtype Sync="TRUE">Double</attrtype><attwidth Sync="TRUE">19</attwidth><atprecis Sync="TRUE">0</atprecis><attscale Sync="TRUE">0</attscale></attr><attr><attrlabl Sync="TRUE">Longitude_</attrlabl><attalias Sync="TRUE">Longitude_</attalias><attrtype Sync="TRUE">Double</attrtype><attwidth Sync="TRUE">19</attwidth><atprecis Sync="TRUE">0</atprecis><attscale Sync="TRUE">0</attscale></attr><attr><attrlabl Sync="TRUE">Centroid_I</attrlabl><attalias Sync="TRUE">Centroid_I</attalias><attrtype Sync="TRUE">Integer</attrtype><attwidth Sync="TRUE">10</attwidth><atprecis Sync="TRUE">10</atprecis><attscale Sync="TRUE">0</attscale></attr><attr><attrlabl Sync="TRUE">Latitude_C</attrlabl><attalias Sync="TRUE">Latitude_C</attalias><attrtype Sync="TRUE">Double</attrtype><attwidth Sync="TRUE">19</attwidth><atprecis Sync="TRUE">0</atprecis><attscale Sync="TRUE">0</attscale></attr><attr><attrlabl Sync="TRUE">Longitude1</attrlabl><attalias Sync="TRUE">Longitude1</attalias><attrtype Sync="TRUE">Double</attrtype><attwidth Sync="TRUE">19</attwidth><atprecis Sync="TRUE">0</atprecis><attscale Sync="TRUE">0</attscale></attr><attr><attrlabl Sync="TRUE">Landform_T</attrlabl><attalias Sync="TRUE">Landform_T</attalias><attrtype Sync="TRUE">String</attrtype><attwidth Sync="TRUE">254</attwidth><atprecis Sync="TRUE">0</atprecis><attscale Sync="TRUE">0</attscale></attr><attr><attrlabl Sync="TRUE">Landform_1</attrlabl><attalias Sync="TRUE">Landform_1</attalias><attrtype Sync="TRUE">String</attrtype><attwidth Sync="TRUE">254</attwidth><atprecis Sync="TRUE">0</atprecis><attscale Sync="TRUE">0</attscale></attr><attr><attrlabl Sync="TRUE">Confidence</attrlabl><attalias Sync="TRUE">Confidence</attalias><attrtype Sync="TRUE">Integer</attrtype><attwidth Sync="TRUE">10</attwidth><atprecis Sync="TRUE">10</atprecis><attscale Sync="TRUE">0</attscale></attr><attr><attrlabl Sync="TRUE">Comments</attrlabl><attalias Sync="TRUE">Comments</attalias><attrtype Sync="TRUE">String</attrtype><attwidth Sync="TRUE">254</attwidth><atprecis Sync="TRUE">0</atprecis><attscale Sync="TRUE">0</attscale></attr><attr><attrlabl Sync="TRUE">Cook_Point</attrlabl><attalias Sync="TRUE">Cook_Point</attalias><attrtype Sync="TRUE">Integer</attrtype><attwidth Sync="TRUE">10</attwidth><atprecis Sync="TRUE">10</atprecis><attscale Sync="TRUE">0</attscale></attr><attr><attrlabl Sync="TRUE">BLM_Point</attrlabl><attalias Sync="TRUE">BLM_Point</attalias><attrtype Sync="TRUE">Integer</attrtype><attwidth Sync="TRUE">10</attwidth><atprecis Sync="TRUE">10</atprecis><attscale Sync="TRUE">0</attscale></attr><attr><attrlabl Sync="TRUE">NRCS_Point</attrlabl><attalias Sync="TRUE">NRCS_Point</attalias><attrtype Sync="TRUE">Integer</attrtype><attwidth Sync="TRUE">10</attwidth><atprecis Sync="TRUE">10</atprecis><attscale Sync="TRUE">0</attscale></attr><attr><attrlabl Sync="TRUE">Derivation</attrlabl><attalias Sync="TRUE">Derivation</attalias><attrtype Sync="TRUE">String</attrtype><attwidth Sync="TRUE">254</attwidth><atprecis Sync="TRUE">0</atprecis><attscale Sync="TRUE">0</attscale></attr><attr><attrlabl Sync="TRUE">Reference</attrlabl><attalias Sync="TRUE">Reference</attalias><attrtype Sync="TRUE">String</attrtype><attwidth Sync="TRUE">254</attwidth><atprecis Sync="TRUE">0</atprecis><attscale Sync="TRUE">0</attscale></attr><attr><attrlabl Sync="TRUE">FREQUENCY</attrlabl><attalias Sync="TRUE">FREQUENCY</attalias><attrtype Sync="TRUE">Integer</attrtype><attwidth Sync="TRUE">10</attwidth><atprecis Sync="TRUE">10</atprecis><attscale Sync="TRUE">0</attscale></attr></detailed></eainfo><mdDateSt Sync="TRUE">20240903</mdDateSt><mdChar><CharSetCd value="004" Sync="TRUE"></CharSetCd></mdChar></metadata>
